Date	Open	High	Low	Close 	Adj Close 	Volume
Oct 29, 2024	11.17	11.58	10.87	11.47	11.47	9,429,977
Oct 28, 2024	11.25	11.47	11.06	11.26	11.26	8,443,100
Oct 25, 2024	11.24	11.33	10.91	11.18	11.18	10,553,300
Oct 24, 2024	11.01	12.09	11.01	11.19	11.19	16,684,200
Oct 23, 2024	11.16	11.27	10.65	10.91	10.91	10,104,900
Oct 22, 2024	11.21	11.52	11.03	11.16	11.16	10,455,700
Oct 21, 2024	10.85	11.29	10.68	11.26	11.26	11,021,200
Oct 18, 2024	10.77	11.00	10.48	10.81	10.81	10,093,100
Oct 17, 2024	11.17	11.19	10.55	10.68	10.68	14,503,200
Oct 16, 2024	10.03	11.19	9.98	11.19	11.19	26,303,500
Oct 15, 2024	9.82	10.34	9.48	9.94	9.94	16,863,600
Oct 14, 2024	9.92	10.11	9.66	9.88	9.88	14,831,200
Oct 11, 2024	9.35	9.78	9.20	9.70	9.70	8,278,500
Oct 10, 2024	9.34	9.53	9.27	9.39	9.39	6,877,000
Oct 9, 2024	9.27	9.66	8.99	9.45	9.45	10,854,500
Oct 8, 2024	9.60	10.14	9.36	9.41	9.41	12,438,500
Oct 7, 2024	9.96	10.11	9.48	9.68	9.68	12,518,500
Oct 4, 2024	9.52	10.01	9.42	9.80	9.80	10,742,200
Oct 3, 2024	9.60	9.86	9.16	9.25	9.25	8,922,600
Oct 2, 2024	8.96	9.76	8.80	9.71	9.71	15,642,600
Oct 1, 2024	9.66	9.72	9.09	9.23	9.23	14,756,800
Sep 30, 2024	9.87	10.15	9.52	9.73	9.73	20,367,700
Sep 27, 2024	8.87	10.29	8.84	9.78	9.78	39,176,900
Sep 26, 2024	8.84	8.98	8.63	8.69	8.69	15,727,000
Sep 25, 2024	7.55	8.79	7.55	8.62	8.62	29,464,600
Sep 24, 2024	7.58	7.61	7.28	7.59	7.59	9,793,400
Sep 23, 2024	7.63	7.67	7.47	7.56	7.56	12,454,700
Sep 20, 2024	7.15	7.72	7.13	7.47	7.47	22,836,000
Sep 19, 2024	7.33	7.37	7.00	7.17	7.17	10,540,500
Sep 18, 2024	7.15	7.50	7.10	7.12	7.12	11,804,500
Sep 17, 2024	7.45	7.51	7.07	7.17	7.17	9,185,000
Sep 16, 2024	7.47	7.53	7.17	7.37	7.37	13,219,600
Sep 13, 2024	6.96	7.47	6.91	7.46	7.46	13,806,100
Sep 12, 2024	6.68	7.05	6.63	6.86	6.86	13,988,600
Sep 11, 2024	6.18	6.70	6.15	6.68	6.68	13,295,200
Sep 10, 2024	6.14	6.17	5.96	6.15	6.15	6,175,700
Sep 9, 2024	5.90	6.28	5.88	6.14	6.14	9,684,900
Sep 6, 2024	6.11	6.20	5.74	5.81	5.81	9,211,300
Sep 5, 2024	6.29	6.34	6.04	6.08	6.08	6,214,600
Sep 4, 2024	6.02	6.47	6.02	6.34	6.34	9,643,700
Sep 3, 2024	6.20	6.25	5.99	6.06	6.06	6,921,300
Aug 30, 2024	6.24	6.49	6.22	6.27	6.27	8,159,300
Aug 29, 2024	6.19	6.47	6.14	6.23	6.23	8,084,100
Aug 28, 2024	6.02	6.25	5.96	6.09	6.09	12,833,300
Aug 27, 2024	6.59	6.60	6.11	6.12	6.12	16,090,500
Aug 26, 2024	6.96	6.97	6.51	6.74	6.74	13,359,400
Aug 23, 2024	6.99	7.07	6.76	6.96	6.96	14,731,100
Aug 22, 2024	7.00	7.26	6.83	6.84	6.84	22,202,400
Aug 21, 2024	6.70	7.27	6.22	7.00	7.00	26,839,900
Aug 20, 2024	7.25	7.26	6.60	6.65	6.65	27,622,900
Aug 19, 2024	6.78	7.36	6.47	7.19	7.19	47,084,200
Aug 16, 2024	6.27	7.10	5.92	6.56	6.56	74,179,900
Aug 15, 2024	5.25	6.04	5.25	5.83	5.83	23,961,800
Aug 14, 2024	5.27	5.35	5.16	5.18	5.18	4,493,600
Aug 13, 2024	5.25	5.30	5.03	5.23	5.23	12,138,600
Aug 12, 2024	5.41	5.54	5.18	5.39	5.39	7,080,600
Aug 9, 2024	5.35	5.59	5.20	5.37	5.37	17,827,800
Aug 8, 2024	4.68	4.93	4.63	4.77	4.77	7,105,100
Aug 7, 2024	4.82	4.82	4.55	4.58	4.58	4,765,700
Aug 6, 2024	4.81	4.86	4.63	4.72	4.72	4,073,600
Aug 5, 2024	4.25	4.74	4.20	4.66	4.66	7,152,100
Aug 2, 2024	4.71	4.86	4.65	4.81	4.81	8,456,400
Aug 1, 2024	5.24	5.25	4.89	4.96	4.96	7,307,500
Jul 31, 2024	5.30	5.45	5.21	5.24	5.24	5,100,700
Jul 30, 2024	5.34	5.39	5.16	5.26	5.26	4,324,900
Jul 29, 2024	5.42	5.50	5.28	5.32	5.32	3,932,500
Jul 26, 2024	5.34	5.46	5.30	5.40	5.40	4,424,500
Jul 25, 2024	5.12	5.40	5.09	5.25	5.25	5,001,900
Jul 24, 2024	5.31	5.47	5.19	5.21	5.21	4,038,500
Jul 23, 2024	5.33	5.52	5.30	5.40	5.40	4,069,500
Jul 22, 2024	5.25	5.37	5.18	5.34	5.34	4,040,300
Jul 19, 2024	5.26	5.36	5.15	5.20	5.20	3,318,000
Jul 18, 2024	5.50	5.55	5.19	5.26	5.26	6,244,000
Jul 17, 2024	5.45	5.61	5.34	5.45	5.45	10,461,500
Jul 16, 2024	5.82	5.84	5.51	5.63	5.63	10,333,700
Jul 15, 2024	5.59	5.76	5.36	5.72	5.72	8,167,900
Jul 12, 2024	5.39	5.68	5.38	5.65	5.65	11,371,300
Jul 11, 2024	5.22	5.35	5.15	5.33	5.33	7,586,800
Jul 10, 2024	5.15	5.24	5.03	5.13	5.13	5,289,300
Jul 9, 2024	4.97	5.09	4.91	5.08	5.08	4,796,400
Jul 8, 2024	4.97	5.12	4.92	4.97	4.97	5,084,100
Jul 5, 2024	4.65	4.88	4.64	4.88	4.88	4,684,000
Jul 3, 2024	4.63	4.73	4.61	4.62	4.62	2,711,700
Jul 2, 2024	4.51	4.65	4.49	4.61	4.61	5,351,900
Jul 1, 2024	4.78	4.80	4.50	4.54	4.54	7,074,400
Jun 28, 2024	4.90	4.95	4.70	4.80	4.80	15,030,100
Jun 27, 2024	4.79	4.92	4.76	4.86	4.86	4,011,800
Jun 26, 2024	4.68	4.80	4.67	4.76	4.76	4,750,600
Jun 25, 2024	4.81	4.84	4.66	4.74	4.74	6,000,200
Jun 24, 2024	5.08	5.16	4.75	4.83	4.83	11,430,300
Jun 21, 2024	4.81	5.10	4.72	5.01	5.01	22,081,200
Jun 20, 2024	4.93	4.97	4.67	4.80	4.80	12,331,700
Jun 18, 2024	4.59	4.99	4.54	4.91	4.91	19,721,300
Jun 17, 2024	4.35	4.38	4.20	4.34	4.34	7,195,200
Jun 14, 2024	4.50	4.53	4.33	4.39	4.39	4,803,300
Jun 13, 2024	4.70	4.70	4.51	4.55	4.55	4,704,500
Jun 12, 2024	4.71	4.94	4.62	4.64	4.64	7,816,300
Jun 11, 2024	4.55	4.60	4.41	4.57	4.57	6,532,700
Jun 10, 2024	4.38	4.62	4.34	4.56	4.56	7,097,500
Jun 7, 2024	4.31	4.44	4.28	4.44	4.44	4,053,600
Jun 6, 2024	4.38	4.44	4.32	4.37	4.37	3,247,700
Jun 5, 2024	4.33	4.44	4.26	4.44	4.44	4,798,600
Jun 4, 2024	4.28	4.31	4.23	4.28	4.28	4,188,500
Jun 3, 2024	4.40	4.45	4.26	4.33	4.33	4,725,100
May 31, 2024	4.32	4.41	4.22	4.37	4.37	6,454,300
May 30, 2024	4.28	4.38	4.17	4.33	4.33	5,056,700
May 29, 2024	4.31	4.32	4.15	4.18	4.18	6,190,200
May 28, 2024	4.25	4.47	4.24	4.39	4.39	7,648,400
May 24, 2024	4.25	4.27	4.18	4.21	4.21	5,147,100
May 23, 2024	4.36	4.38	4.18	4.22	4.22	5,007,300
May 22, 2024	4.47	4.49	4.28	4.34	4.34	4,592,600
May 21, 2024	4.38	4.53	4.35	4.46	4.46	5,936,300
May 20, 2024	4.29	4.43	4.24	4.40	4.40	5,456,600
May 17, 2024	4.24	4.30	4.18	4.25	4.25	4,909,700
May 16, 2024	4.34	4.45	4.22	4.24	4.24	5,501,700
May 15, 2024	4.60	4.64	4.32	4.34	4.34	11,808,200
May 14, 2024	4.24	4.58	4.24	4.56	4.56	20,583,400
May 13, 2024	4.16	4.46	4.15	4.16	4.16	10,483,200
May 10, 2024	4.10	4.20	3.97	4.11	4.11	9,940,200
May 9, 2024	4.13	4.30	4.11	4.26	4.26	7,792,400
May 8, 2024	3.88	4.12	3.82	4.10	4.10	9,529,400
May 7, 2024	3.90	3.99	3.65	3.97	3.97	17,275,500
May 6, 2024	4.06	4.12	4.03	4.06	4.06	8,227,100
May 3, 2024	4.00	4.08	3.96	4.00	4.00	5,417,200
May 2, 2024	3.90	3.95	3.81	3.95	3.95	6,283,300
May 1, 2024	3.76	3.98	3.72	3.85	3.85	9,613,300
Apr 30, 2024	3.82	3.84	3.71	3.76	3.76	7,577,600
Apr 29, 2024	3.81	3.83	3.73	3.80	3.80	3,869,200
Apr 26, 2024	3.67	3.78	3.65	3.77	3.77	5,016,500
Apr 25, 2024	3.66	3.68	3.56	3.65	3.65	5,236,200
Apr 24, 2024	3.73	3.78	3.62	3.69	3.69	6,095,200
Apr 23, 2024	3.58	3.78	3.58	3.68	3.68	5,609,700
Apr 22, 2024	3.58	3.61	3.49	3.59	3.59	5,642,300
Apr 19, 2024	3.53	3.62	3.51	3.55	3.55	5,658,900
Apr 18, 2024	3.58	3.64	3.48	3.55	3.55	5,011,500
Apr 17, 2024	3.58	3.66	3.54	3.57	3.57	4,283,900
Apr 16, 2024	3.51	3.65	3.47	3.56	3.56	7,231,000
Apr 15, 2024	3.76	3.79	3.51	3.53	3.53	15,973,800
Apr 12, 2024	3.85	3.87	3.70	3.73	3.73	8,788,500
Apr 11, 2024	3.83	3.95	3.78	3.86	3.86	7,521,100
Apr 10, 2024	3.74	3.78	3.66	3.74	3.74	7,771,400
Apr 9, 2024	3.84	3.92	3.78	3.84	3.84	5,242,400
Apr 8, 2024	3.81	3.84	3.73	3.77	3.77	6,365,100
Apr 5, 2024	3.91	3.92	3.78	3.80	3.80	9,050,300
Apr 4, 2024	3.93	4.04	3.86	3.90	3.90	6,599,800
Apr 3, 2024	3.90	3.95	3.80	3.88	3.88	7,968,900
Apr 2, 2024	4.03	4.03	3.83	3.87	3.87	12,248,300
Apr 1, 2024	4.13	4.14	4.03	4.08	4.08	5,843,500
Mar 28, 2024	4.13	4.23	4.09	4.11	4.11	6,250,800
Mar 27, 2024	4.10	4.15	4.05	4.14	4.14	4,884,000
Mar 26, 2024	4.10	4.18	4.05	4.06	4.06	8,577,200
Mar 25, 2024	4.07	4.20	4.06	4.08	4.08	4,500,100
Mar 22, 2024	4.06	4.12	4.00	4.05	4.05	8,710,500
Mar 21, 2024	4.11	4.28	4.05	4.09	4.09	8,974,100
Mar 20, 2024	4.01	4.10	3.95	4.03	4.03	10,242,800
Mar 19, 2024	4.00	4.10	3.98	4.06	4.06	6,529,400
Mar 18, 2024	4.16	4.16	3.97	4.00	4.00	12,878,000
Mar 15, 2024	4.14	4.27	4.11	4.12	4.12	14,480,900
Mar 14, 2024	4.28	4.30	4.11	4.17	4.17	7,492,900
Mar 13, 2024	4.34	4.45	4.28	4.29	4.29	7,220,000
Mar 12, 2024	4.34	4.38	4.23	4.34	4.34	8,475,600
Mar 11, 2024	4.44	4.72	4.44	4.48	4.48	7,305,400
Mar 8, 2024	4.47	4.53	4.34	4.42	4.42	4,878,600
Mar 7, 2024	4.34	4.44	4.29	4.43	4.43	4,794,900
Mar 6, 2024	4.30	4.47	4.26	4.30	4.30	5,275,300
Mar 5, 2024	4.39	4.39	4.17	4.24	4.24	8,795,500
Mar 4, 2024	4.62	4.70	4.39	4.43	4.43	6,287,100
Mar 1, 2024	4.63	4.67	4.50	4.54	4.54	5,093,100
Feb 29, 2024	4.69	4.81	4.49	4.59	4.59	11,037,500
Feb 28, 2024	4.42	4.77	4.11	4.59	4.59	11,858,800
Feb 27, 2024	4.60	4.80	4.57	4.71	4.71	11,001,900
Feb 26, 2024	4.39	4.60	4.35	4.57	4.57	7,252,700
Feb 23, 2024	4.46	4.53	4.36	4.38	4.38	6,560,100
Feb 22, 2024	4.71	4.75	4.43	4.44	4.44	8,943,700
Feb 21, 2024	4.79	4.80	4.62	4.64	4.64	5,457,600
Feb 20, 2024	4.92	5.10	4.79	4.83	4.83	7,477,600
Feb 16, 2024	4.90	5.08	4.84	4.89	4.89	7,277,000
Feb 15, 2024	4.88	5.03	4.80	4.89	4.89	8,775,600
Feb 14, 2024	4.57	4.82	4.39	4.80	4.80	10,111,800
Feb 13, 2024	4.58	4.65	4.38	4.44	4.44	8,760,400
Feb 12, 2024	4.43	4.79	4.43	4.72	4.72	15,404,900
Feb 9, 2024	4.39	4.42	4.24	4.34	4.34	6,984,700
Feb 8, 2024	4.28	4.36	4.23	4.30	4.30	6,020,100
Feb 7, 2024	4.29	4.47	4.19	4.27	4.27	8,081,300
Feb 6, 2024	4.04	4.26	4.03	4.26	4.26	10,817,100
Feb 5, 2024	3.98	4.11	3.95	4.07	4.07	11,193,100
Feb 2, 2024	4.01	4.02	3.92	3.97	3.97	47,841,700
Feb 1, 2024	4.19	4.29	3.89	4.02	4.02	61,537,000
Jan 31, 2024	4.97	5.16	4.85	4.85	4.85	5,797,100
Jan 30, 2024	5.08	5.11	4.92	4.98	4.98	3,265,800
Jan 29, 2024	4.88	5.14	4.88	5.14	5.14	3,040,100
Jan 26, 2024	4.94	5.02	4.85	4.88	4.88	2,506,200
Jan 25, 2024	5.11	5.11	4.83	4.92	4.92	4,034,900
Jan 24, 2024	5.17	5.24	4.97	5.03	5.03	3,416,000
Jan 23, 2024	5.10	5.22	5.03	5.08	5.08	3,484,600
Jan 22, 2024	4.90	5.07	4.85	5.05	5.05	5,269,800
Jan 19, 2024	4.90	4.90	4.69	4.86	4.86	4,331,100
Jan 18, 2024	5.00	5.05	4.77	4.85	4.85	4,912,900
Jan 17, 2024	4.90	5.01	4.86	4.92	4.92	4,845,600
Jan 16, 2024	5.11	5.16	4.88	4.94	4.94	6,317,900
Jan 12, 2024	5.19	5.35	5.11	5.17	5.17	4,359,500
Jan 11, 2024	5.30	5.32	5.06	5.16	5.16	6,273,200
Jan 10, 2024	5.45	5.48	5.27	5.34	5.34	5,999,200
Jan 9, 2024	5.66	5.67	5.40	5.45	5.45	6,822,500
Jan 8, 2024	5.42	5.65	5.32	5.55	5.55	6,530,800
Jan 5, 2024	5.45	5.61	5.36	5.40	5.40	5,839,900
Jan 4, 2024	5.12	5.55	5.10	5.47	5.47	7,896,200
Jan 3, 2024	5.17	5.21	5.05	5.10	5.10	6,560,000
Jan 2, 2024	5.45	5.57	5.27	5.31	5.31	6,728,300
Dec 29, 2023	5.78	5.78	5.44	5.53	5.53	9,204,600
Dec 28, 2023	5.71	6.14	5.65	5.79	5.79	11,186,700
Dec 27, 2023	5.65	5.81	5.55	5.74	5.74	8,655,100
Dec 26, 2023	5.64	5.83	5.38	5.64	5.64	18,716,500
Dec 22, 2023	5.09	5.76	4.94	5.44	5.44	51,774,400
Dec 21, 2023	4.49	4.54	4.34	4.43	4.43	8,652,400
Dec 20, 2023	4.68	4.75	4.39	4.41	4.41	5,020,800
Dec 19, 2023	4.54	4.69	4.53	4.69	4.69	5,076,000
Dec 18, 2023	4.68	4.69	4.44	4.49	4.49	6,468,200
Dec 15, 2023	4.99	5.07	4.60	4.61	4.61	15,223,300
Dec 14, 2023	5.15	5.48	5.03	5.17	5.17	6,583,200
Dec 13, 2023	4.60	4.93	4.53	4.93	4.93	4,221,500
Dec 12, 2023	4.63	4.67	4.48	4.60	4.60	3,180,400
Dec 11, 2023	4.79	4.84	4.60	4.66	4.66	3,222,100
Dec 8, 2023	4.76	4.93	4.72	4.80	4.80	3,196,000
Dec 7, 2023	4.51	4.71	4.47	4.70	4.70	3,745,500
Dec 6, 2023	4.48	4.61	4.45	4.46	4.46	2,256,600
Dec 5, 2023	4.54	4.60	4.42	4.45	4.45	3,022,100
Dec 4, 2023	4.46	4.59	4.45	4.58	4.58	2,843,500
Dec 1, 2023	4.40	4.55	4.36	4.46	4.46	4,399,700
Nov 30, 2023	4.41	4.51	4.34	4.38	4.38	3,073,700
Nov 29, 2023	4.50	4.64	4.35	4.39	4.39	4,890,000
Nov 28, 2023	4.30	4.41	4.16	4.40	4.40	3,847,800
Nov 27, 2023	4.37	4.41	4.25	4.27	4.27	2,789,100
Nov 24, 2023	4.28	4.41	4.20	4.38	4.38	1,984,900
Nov 22, 2023	4.22	4.31	4.19	4.26	4.26	2,586,200
Nov 21, 2023	4.32	4.32	4.17	4.21	4.21	2,836,300
Nov 20, 2023	4.29	4.39	4.26	4.31	4.31	4,642,600
Nov 17, 2023	4.26	4.30	4.15	4.21	4.21	3,904,200
Nov 16, 2023	4.37	4.40	4.14	4.22	4.22	4,810,400
Nov 15, 2023	4.38	4.65	4.31	4.40	4.40	8,002,300
Nov 14, 2023	4.50	4.64	4.20	4.32	4.32	24,910,200
Nov 13, 2023	4.38	4.39	4.26	4.33	4.33	2,034,500
Nov 10, 2023	4.32	4.40	4.21	4.37	4.37	2,543,200
Nov 9, 2023	4.54	4.55	4.21	4.28	4.28	4,978,400
Nov 8, 2023	4.52	4.52	4.35	4.36	4.36	2,413,500
Nov 7, 2023	4.33	4.51	4.27	4.50	4.50	2,078,600
Nov 6, 2023	4.63	4.65	4.33	4.35	4.35	2,412,300
Nov 3, 2023	4.71	4.81	4.59	4.61	4.61	3,377,800
Nov 2, 2023	4.33	4.64	4.33	4.59	4.59	3,825,000
Nov 1, 2023	4.21	4.26	4.12	4.24	4.24	1,998,600
Oct 31, 2023	4.19	4.25	4.11	4.23	4.23	1,947,900
Oct 30, 2023	4.20	4.28	4.11	4.20	4.20	2,317,800
Oct 27, 2023	4.31	4.37	4.14	4.16	4.16	2,275,700
Oct 26, 2023	4.21	4.35	4.19	4.28	4.28	3,093,800
Oct 25, 2023	4.09	4.19	4.06	4.09	4.09	2,225,900
Oct 24, 2023	4.19	4.28	4.11	4.14	4.14	1,977,100
Oct 23, 2023	4.08	4.23	4.00	4.11	4.11	3,143,900
Oct 20, 2023	4.20	4.22	4.06	4.09	4.09	3,139,600
Oct 19, 2023	4.29	4.34	4.19	4.21	4.21	2,846,700
Oct 18, 2023	4.38	4.43	4.20	4.25	4.25	2,860,800
Oct 17, 2023	4.36	4.53	4.32	4.48	4.48	2,835,600
Oct 16, 2023	4.28	4.50	4.24	4.46	4.46	3,162,800
Oct 13, 2023	4.46	4.48	4.23	4.29	4.29	3,795,700
Oct 12, 2023	4.87	4.88	4.36	4.42	4.42	4,566,700
Oct 11, 2023	4.95	5.07	4.76	4.83	4.83	3,620,000
Oct 10, 2023	4.66	5.02	4.65	4.86	4.86	4,345,300
Oct 9, 2023	4.41	4.65	4.41	4.62	4.62	3,348,800
Oct 6, 2023	4.39	4.53	4.35	4.50	4.50	3,449,200
Oct 5, 2023	4.32	4.47	4.26	4.45	4.45	2,639,300
Oct 4, 2023	4.23	4.34	4.14	4.31	4.31	2,565,500
Oct 3, 2023	4.35	4.37	4.13	4.17	4.17	3,802,100
Oct 2, 2023	4.40	4.42	4.29	4.39	4.39	2,907,000
Sep 29, 2023	4.40	4.57	4.32	4.38	4.38	3,057,800
Sep 28, 2023	4.31	4.42	4.24	4.34	4.34	3,361,700
Sep 27, 2023	4.20	4.33	4.19	4.30	4.30	4,091,300
Sep 26, 2023	4.34	4.43	4.22	4.24	4.24	3,480,300
Sep 25, 2023	4.47	4.50	4.31	4.35	4.35	4,554,200
Sep 22, 2023	4.54	4.67	4.45	4.48	4.48	3,693,500
Sep 21, 2023	4.34	4.57	4.25	4.48	4.48	5,162,800
Sep 20, 2023	4.62	4.64	4.39	4.42	4.42	6,338,900
Sep 19, 2023	4.26	4.76	4.17	4.66	4.66	17,132,800
Sep 18, 2023	5.10	5.22	5.02	5.04	5.04	3,402,700
Sep 15, 2023	5.25	5.28	5.06	5.12	5.12	13,253,300
Sep 14, 2023	5.36	5.43	5.21	5.26	5.26	4,963,600
Sep 13, 2023	5.47	5.48	5.23	5.36	5.36	5,675,200
Sep 12, 2023	5.81	5.83	5.27	5.30	5.30	12,847,400
Sep 11, 2023	6.26	6.35	6.03	6.04	6.04	3,520,000
Sep 8, 2023	6.30	6.34	6.14	6.20	6.20	2,349,800
Sep 7, 2023	6.29	6.36	6.06	6.32	6.32	2,504,600
Sep 6, 2023	6.51	6.58	6.30	6.41	6.41	2,040,200
Sep 5, 2023	6.31	6.59	6.29	6.53	6.53	2,943,800
Sep 1, 2023	6.38	6.48	6.27	6.34	6.34	2,326,100
Aug 31, 2023	6.37	6.49	6.22	6.31	6.31	3,242,200
Aug 30, 2023	6.16	6.45	6.12	6.38	6.38	2,888,600
Aug 29, 2023	5.87	6.27	5.84	6.17	6.17	2,886,700
Aug 28, 2023	5.88	6.03	5.83	5.93	5.93	2,290,700
Aug 25, 2023	5.70	5.88	5.63	5.79	5.79	2,697,200
Aug 24, 2023	6.03	6.08	5.60	5.65	5.65	2,961,200
Aug 23, 2023	5.83	6.01	5.83	5.93	5.93	2,294,800
Aug 22, 2023	5.93	6.00	5.66	5.83	5.83	2,379,700
Aug 21, 2023	5.94	5.98	5.82	5.88	5.88	2,618,700
Aug 18, 2023	5.43	5.93	5.36	5.86	5.86	4,270,100
Aug 17, 2023	5.90	5.95	5.55	5.56	5.56	4,678,200
Aug 16, 2023	6.03	6.11	5.87	5.88	5.88	3,133,100
Aug 15, 2023	6.26	6.28	6.07	6.09	6.09	2,739,200
Aug 14, 2023	6.24	6.37	6.08	6.31	6.31	2,358,900
Aug 11, 2023	6.15	6.39	6.12	6.32	6.32	2,306,800
Aug 10, 2023	6.51	6.70	6.14	6.23	6.23	4,650,600
Aug 9, 2023	7.36	7.49	6.15	6.45	6.45	7,997,700
Aug 8, 2023	6.42	6.74	6.27	6.66	6.66	4,704,200
Aug 7, 2023	6.87	6.88	6.40	6.59	6.59	4,534,100
Aug 4, 2023	7.05	7.14	6.80	6.83	6.83	3,030,800
Aug 3, 2023	6.89	7.14	6.80	7.03	7.03	2,916,300
Aug 2, 2023	7.08	7.10	6.80	6.98	6.98	3,715,800
Aug 1, 2023	7.26	7.34	7.15	7.26	7.26	2,294,400
Jul 31, 2023	7.11	7.39	7.09	7.37	7.37	4,813,200
Jul 28, 2023	6.85	7.13	6.85	7.10	7.10	4,367,000
Jul 27, 2023	7.29	7.29	6.71	6.73	6.73	6,190,700
Jul 26, 2023	7.50	7.53	6.98	7.14	7.14	7,082,600
Jul 25, 2023	7.52	7.79	7.52	7.62	7.62	5,847,500
Jul 24, 2023	7.47	7.50	7.27	7.39	7.39	4,193,600
Jul 21, 2023	7.87	7.89	7.36	7.50	7.50	6,223,300
Jul 20, 2023	7.86	8.03	7.56	7.81	7.81	6,236,500
Jul 19, 2023	7.88	8.05	7.61	7.93	7.93	10,581,600
Jul 18, 2023	7.06	7.87	7.00	7.83	7.83	13,228,900
Jul 17, 2023	6.33	6.93	6.20	6.89	6.89	4,946,700
Jul 14, 2023	6.73	6.84	6.28	6.32	6.32	5,061,500
Jul 13, 2023	6.12	6.82	6.12	6.64	6.64	8,664,500
Jul 12, 2023	6.35	6.42	5.90	6.07	6.07	5,752,300
Jul 11, 2023	6.01	6.25	5.85	6.18	6.18	7,450,700
Jul 10, 2023	5.70	5.98	5.68	5.97	5.97	3,618,500
Jul 7, 2023	5.62	5.80	5.62	5.73	5.73	2,238,600
Jul 6, 2023	5.76	5.77	5.53	5.60	5.60	2,776,700
Jul 5, 2023	5.98	6.02	5.82	5.86	5.86	3,347,300
Jul 3, 2023	6.03	6.07	5.94	5.98	5.98	2,923,900
Jun 30, 2023	6.06	6.14	5.95	6.00	6.00	5,653,400
Jun 29, 2023	5.88	6.06	5.80	5.98	5.98	3,801,800
Jun 28, 2023	5.56	6.01	5.51	5.87	5.87	4,342,900
Jun 27, 2023	5.38	5.53	5.31	5.50	5.50	2,327,600
Jun 26, 2023	5.55	5.66	5.36	5.37	5.37	3,081,300
Jun 23, 2023	5.72	5.74	5.52	5.54	5.54	12,057,800
Jun 22, 2023	5.86	5.87	5.57	5.79	5.79	2,934,600
Jun 21, 2023	5.75	5.95	5.65	5.90	5.90	3,378,000
Jun 20, 2023	5.65	5.94	5.61	5.81	5.81	4,308,000
Jun 16, 2023	5.80	5.82	5.48	5.60	5.60	10,211,900
Jun 15, 2023	5.64	5.79	5.48	5.68	5.68	3,923,400
Jun 14, 2023	5.96	6.04	5.59	5.69	5.69	5,355,800
Jun 13, 2023	5.34	6.10	5.34	5.94	5.94	8,253,900
Jun 12, 2023	5.24	5.36	5.10	5.32	5.32	3,243,400
Jun 9, 2023	5.30	5.37	5.17	5.22	5.22	3,176,600
Jun 8, 2023	5.14	5.28	5.04	5.28	5.28	2,828,900
Jun 7, 2023	5.24	5.41	5.12	5.13	5.13	4,077,800
Jun 6, 2023	4.90	5.19	4.89	5.18	5.18	3,947,700
Jun 5, 2023	4.85	4.95	4.79	4.90	4.90	3,029,200
Jun 2, 2023	4.80	4.93	4.76	4.90	4.90	2,959,600
Jun 1, 2023	4.62	4.78	4.53	4.74	4.74	3,076,800
May 31, 2023	4.56	4.61	4.47	4.58	4.58	4,964,600
May 30, 2023	4.51	4.66	4.50	4.59	4.59	2,618,600
May 26, 2023	4.59	4.60	4.38	4.45	4.45	3,199,700
May 25, 2023	4.65	4.70	4.45	4.59	4.59	3,260,800
May 24, 2023	4.55	4.65	4.36	4.63	4.63	4,342,300
May 23, 2023	4.80	4.90	4.45	4.52	4.52	7,344,700
May 22, 2023	4.70	5.01	4.69	4.95	4.95	4,460,200
May 19, 2023	4.70	4.70	4.55	4.67	4.67	3,957,700
May 18, 2023	4.51	4.68	4.45	4.65	4.65	4,189,500
May 17, 2023	4.33	4.61	4.26	4.50	4.50	5,290,100
May 16, 2023	4.22	4.36	4.22	4.28	4.28	3,354,800
May 15, 2023	4.20	4.38	4.07	4.34	4.34	4,372,600
May 12, 2023	4.14	4.26	4.05	4.12	4.12	3,621,600
May 11, 2023	4.12	4.39	4.04	4.10	4.10	4,852,900
May 10, 2023	4.05	4.20	3.85	4.12	4.12	6,138,700
May 9, 2023	3.83	4.02	3.76	3.94	3.94	4,784,500
May 8, 2023	3.92	3.94	3.83	3.85	3.85	4,072,000
May 5, 2023	3.80	3.91	3.78	3.85	3.85	3,307,700
May 4, 2023	3.90	3.93	3.83	3.88	3.88	2,563,400
May 3, 2023	3.81	4.01	3.77	3.91	3.91	3,924,200
May 2, 2023	3.86	3.86	3.76	3.77	3.77	2,227,600
May 1, 2023	3.92	3.98	3.84	3.88	3.88	1,657,100
Apr 28, 2023	3.87	3.94	3.84	3.92	3.92	1,862,000
Apr 27, 2023	3.82	3.90	3.78	3.90	3.90	1,889,900
Apr 26, 2023	3.82	3.88	3.74	3.77	3.77	2,392,800
Apr 25, 2023	3.88	3.90	3.76	3.81	3.81	2,263,500
Apr 24, 2023	4.01	4.07	3.88	3.92	3.92	2,156,500
Apr 21, 2023	3.95	4.01	3.93	4.00	4.00	2,115,600
Apr 20, 2023	3.98	4.03	3.88	3.95	3.95	3,870,000
Apr 19, 2023	4.03	4.06	3.96	4.00	4.00	2,416,800
Apr 18, 2023	4.17	4.17	4.03	4.08	4.08	2,292,400
Apr 17, 2023	4.01	4.21	3.98	4.14	4.14	2,415,000
Apr 14, 2023	4.09	4.10	3.93	4.02	4.02	2,221,900
Apr 13, 2023	4.03	4.15	3.99	4.11	4.11	2,111,400
Apr 12, 2023	4.13	4.15	3.94	3.96	3.96	2,632,100
Apr 11, 2023	4.05	4.11	3.99	4.07	4.07	2,798,700
Apr 10, 2023	3.73	4.01	3.72	4.00	4.00	4,070,700
Apr 6, 2023	3.69	3.77	3.62	3.77	3.77	3,058,400
Apr 5, 2023	3.87	3.88	3.65	3.67	3.67	4,079,700
Apr 4, 2023	4.07	4.07	3.83	3.87	3.87	3,308,300
Apr 3, 2023	4.05	4.10	3.96	4.04	4.04	1,868,800
Mar 31, 2023	3.95	4.16	3.91	4.04	4.04	3,511,200
Mar 30, 2023	3.99	4.06	3.88	3.95	3.95	2,426,300
Mar 29, 2023	3.95	3.98	3.86	3.96	3.96	2,634,000
Mar 28, 2023	3.92	3.98	3.85	3.89	3.89	1,673,100
Mar 27, 2023	4.00	4.16	3.92	3.93	3.93	2,904,900
Mar 24, 2023	3.86	3.94	3.69	3.93	3.93	4,152,800
Mar 23, 2023	3.87	3.99	3.81	3.85	3.85	2,563,200
Mar 22, 2023	3.92	3.99	3.85	3.85	3.85	2,785,700
Mar 21, 2023	3.92	3.98	3.81	3.95	3.95	2,856,100
Mar 20, 2023	3.90	3.95	3.80	3.85	3.85	3,171,500
Mar 17, 2023	3.97	4.02	3.84	3.88	3.88	3,314,300
Mar 16, 2023	3.86	4.00	3.77	3.96	3.96	2,383,800
Mar 15, 2023	3.84	3.94	3.77	3.92	3.92	3,826,900
Mar 14, 2023	4.05	4.06	3.84	3.89	3.89	3,162,800
Mar 13, 2023	3.79	4.01	3.70	3.94	3.94	4,392,800
Mar 10, 2023	4.05	4.07	3.78	3.91	3.91	6,357,600
Mar 9, 2023	4.26	4.35	4.07	4.08	4.08	2,924,100
Mar 8, 2023	4.39	4.39	4.26	4.29	4.29	2,063,200
Mar 7, 2023	4.43	4.49	4.34	4.40	4.40	2,061,900
Mar 6, 2023	4.58	4.60	4.39	4.43	4.43	3,422,300
Mar 3, 2023	4.24	4.58	4.22	4.57	4.57	4,576,200
Mar 2, 2023	4.35	4.36	4.18	4.24	4.24	4,333,900
Mar 1, 2023	4.45	4.51	4.17	4.40	4.40	6,103,300
Feb 28, 2023	4.55	4.64	4.48	4.50	4.50	4,606,100
Feb 27, 2023	4.53	4.67	4.47	4.59	4.59	3,518,800
Feb 24, 2023	4.50	4.50	4.38	4.45	4.45	2,598,500
Feb 23, 2023	4.69	4.77	4.52	4.55	4.55	3,013,500
Feb 22, 2023	4.60	4.73	4.54	4.62	4.62	4,199,500
Feb 21, 2023	4.82	4.89	4.53	4.58	4.58	3,117,400
Feb 17, 2023	4.94	4.95	4.74	4.91	4.91	3,420,400
Feb 16, 2023	5.02	5.16	4.96	4.97	4.97	2,740,500
Feb 15, 2023	4.92	5.23	4.90	5.16	5.16	4,612,900
Feb 14, 2023	4.70	4.99	4.60	4.96	4.96	3,523,500
Feb 13, 2023	4.84	4.84	4.64	4.71	4.71	2,050,200
Feb 10, 2023	4.53	4.79	4.49	4.77	4.77	4,209,200
Feb 9, 2023	4.85	4.98	4.53	4.55	4.55	3,479,800
Feb 8, 2023	4.85	4.92	4.75	4.79	4.79	2,148,000
Feb 7, 2023	4.92	4.95	4.70	4.90	4.90	4,685,400
Feb 6, 2023	5.22	5.28	4.90	4.92	4.92	4,660,200
Feb 3, 2023	5.12	5.47	5.06	5.31	5.31	6,147,300
Feb 2, 2023	5.08	5.30	5.01	5.24	5.24	7,139,900
Feb 1, 2023	4.90	5.17	4.89	4.98	4.98	6,022,400
Jan 31, 2023	4.89	4.99	4.83	4.97	4.97	2,053,900
Jan 30, 2023	4.87	4.97	4.78	4.88	4.88	2,232,400
Jan 27, 2023	4.86	5.04	4.81	4.94	4.94	3,663,700
Jan 26, 2023	5.00	5.05	4.79	4.88	4.88	3,034,500
Jan 25, 2023	4.97	5.00	4.72	4.91	4.91	4,641,900
Jan 24, 2023	4.81	5.02	4.73	4.97	4.97	3,699,900
Jan 23, 2023	4.82	4.84	4.61	4.82	4.82	4,296,100
Jan 20, 2023	4.92	4.95	4.68	4.78	4.78	4,876,300
Jan 19, 2023	5.04	5.12	4.69	4.79	4.79	4,902,600
Jan 18, 2023	5.55	5.68	5.09	5.17	5.17	6,095,100
Jan 17, 2023	5.05	5.52	4.98	5.48	5.48	5,194,000
Jan 13, 2023	4.73	5.11	4.72	4.97	4.97	6,578,400
Jan 12, 2023	4.52	4.83	4.48	4.83	4.83	3,219,000
Jan 11, 2023	4.40	4.53	4.34	4.51	4.51	2,464,100
Jan 10, 2023	4.19	4.38	4.09	4.38	4.38	1,998,700
Jan 9, 2023	4.25	4.36	4.20	4.22	4.22	2,333,300
Jan 6, 2023	4.20	4.25	4.05	4.23	4.23	3,133,200
Jan 5, 2023	3.97	4.26	3.90	4.17	4.17	2,669,900
Jan 4, 2023	3.90	4.05	3.87	4.04	4.04	2,126,800
Jan 3, 2023	3.85	4.05	3.78	3.87	3.87	3,877,200
Dec 30, 2022	3.62	3.81	3.59	3.77	3.77	2,692,100
Dec 29, 2022	3.61	3.80	3.54	3.69	3.69	3,993,100
Dec 28, 2022	3.55	3.69	3.48	3.58	3.58	3,218,100
Dec 27, 2022	3.76	3.77	3.56	3.56	3.56	3,028,100
Dec 23, 2022	3.74	3.78	3.64	3.77	3.77	1,903,800
Dec 22, 2022	3.72	3.74	3.61	3.73	3.73	2,610,100
Dec 21, 2022	3.78	3.89	3.66	3.74	3.74	3,780,600
Dec 20, 2022	3.85	3.96	3.67	3.72	3.72	5,952,600
Dec 19, 2022	4.08	4.08	3.79	3.90	3.90	4,313,500
Dec 16, 2022	4.05	4.13	3.95	4.07	4.07	6,088,700
Dec 15, 2022	4.05	4.12	4.00	4.03	4.03	2,852,100
Dec 14, 2022	4.15	4.23	4.06	4.12	4.12	3,473,500
Dec 13, 2022	4.35	4.50	4.07	4.17	4.17	3,899,500
Dec 12, 2022	4.03	4.21	4.01	4.15	4.15	2,277,800
Dec 9, 2022	3.99	4.14	3.94	4.00	4.00	1,816,200
Dec 8, 2022	3.95	4.22	3.92	3.98	3.98	2,720,700
Dec 7, 2022	4.01	4.04	3.87	3.94	3.94	3,145,300
Dec 6, 2022	4.17	4.19	3.93	4.00	4.00	3,437,500
Dec 5, 2022	4.26	4.34	4.10	4.15	4.15	3,028,700
Dec 2, 2022	4.16	4.29	4.07	4.25	4.25	2,498,700
Dec 1, 2022	4.28	4.28	4.07	4.22	4.22	3,203,500
Nov 30, 2022	3.99	4.20	3.88	4.19	4.19	4,943,700
Nov 29, 2022	4.04	4.11	3.94	3.96	3.96	4,053,900
Nov 28, 2022	4.17	4.29	4.00	4.01	4.01	3,842,500
Nov 25, 2022	4.50	4.55	4.14	4.18	4.18	3,209,900
Nov 23, 2022	4.36	4.45	4.32	4.40	4.40	3,245,800
Nov 22, 2022	4.32	4.41	4.20	4.36	4.36	2,867,500
Nov 21, 2022	4.61	4.65	4.29	4.32	4.32	3,720,000
Nov 18, 2022	4.70	4.71	4.43	4.60	4.60	2,205,700
Nov 17, 2022	4.65	4.66	4.36	4.52	4.52	3,553,400
Nov 16, 2022	5.05	5.08	4.65	4.68	4.68	5,544,000
Nov 15, 2022	5.36	5.43	5.11	5.22	5.22	4,809,200
Nov 14, 2022	5.56	5.58	5.15	5.16	5.16	3,349,000
Nov 11, 2022	5.31	5.76	5.22	5.63	5.63	4,028,300
Nov 10, 2022	5.16	5.71	5.16	5.31	5.31	5,296,600
Nov 9, 2022	5.07	5.08	4.73	4.74	4.74	4,027,200
Nov 8, 2022	5.13	5.22	4.99	5.11	5.11	2,019,000
Nov 7, 2022	5.25	5.26	4.98	5.09	5.09	2,485,200
Nov 4, 2022	5.16	5.21	4.95	5.18	5.18	2,586,000
Nov 3, 2022	4.83	5.28	4.81	4.94	4.94	3,168,200
Nov 2, 2022	5.29	5.29	4.88	4.89	4.89	2,681,000
Nov 1, 2022	5.25	5.36	5.13	5.20	5.20	2,114,600
Oct 31, 2022	5.12	5.18	4.84	5.09	5.09	2,280,200
Oct 28, 2022	4.79	5.23	4.74	5.13	5.13	3,057,300
Oct 27, 2022	4.72	4.86	4.72	4.79	4.79	2,304,500
Oct 26, 2022	4.58	4.97	4.52	4.69	4.69	3,027,400
Oct 25, 2022	4.28	4.74	4.25	4.63	4.63	3,068,200
Oct 24, 2022	4.30	4.30	4.08	4.25	4.25	1,892,200
Oct 21, 2022	4.21	4.26	4.07	4.24	4.24	1,743,900
Oct 20, 2022	4.19	4.38	4.18	4.21	4.21	2,141,800
Oct 19, 2022	4.26	4.36	4.16	4.19	4.19	2,119,000
Oct 18, 2022	4.43	4.49	4.25	4.35	4.35	3,412,000
Oct 17, 2022	4.01	4.29	4.01	4.22	4.22	2,297,600
Oct 14, 2022	4.20	4.23	3.92	3.95	3.95	2,685,100
Oct 13, 2022	3.85	4.18	3.81	4.11	4.11	2,763,600
Oct 12, 2022	4.14	4.15	3.77	4.00	4.00	5,588,000
Oct 11, 2022	4.28	4.33	4.16	4.19	4.19	3,005,300
Oct 10, 2022	4.36	4.40	4.17	4.30	4.30	2,136,500
Oct 7, 2022	4.51	4.56	4.33	4.36	4.36	2,434,300
Oct 6, 2022	4.57	4.78	4.57	4.62	4.62	2,182,000
Oct 5, 2022	4.53	4.66	4.49	4.61	4.61	2,709,900
Oct 4, 2022	4.44	4.63	4.44	4.62	4.62	3,203,900
Oct 3, 2022	4.14	4.37	4.01	4.31	4.31	4,025,200
Sep 30, 2022	4.16	4.27	4.07	4.07	4.07	2,975,300
Sep 29, 2022	4.29	4.32	4.09	4.16	4.16	3,735,600
Sep 28, 2022	4.23	4.43	4.15	4.38	4.38	3,364,900
Sep 27, 2022	4.39	4.40	4.16	4.19	4.19	4,715,700
Sep 26, 2022	4.10	4.33	4.08	4.23	4.23	4,953,300
Sep 23, 2022	4.20	4.21	3.97	4.12	4.12	6,160,900
Sep 22, 2022	4.92	4.95	4.30	4.31	4.31	10,496,500
Sep 21, 2022	5.13	5.18	4.90	4.92	4.92	4,143,400
Sep 20, 2022	5.08	5.13	4.99	5.05	5.05	2,816,300
Sep 19, 2022	4.97	5.13	4.91	5.08	5.08	3,573,700
Sep 16, 2022	5.00	5.12	4.90	5.05	5.05	8,818,900
Sep 15, 2022	5.65	5.93	5.04	5.10	5.10	11,927,900
Sep 14, 2022	5.68	5.71	5.38	5.71	5.71	2,784,300
Sep 13, 2022	5.48	5.69	5.38	5.64	5.64	3,928,900
Sep 12, 2022	5.65	5.72	5.57	5.72	5.72	2,998,400
Sep 9, 2022	5.61	5.78	5.56	5.59	5.59	3,563,700
Sep 8, 2022	5.49	5.58	5.34	5.56	5.56	2,956,400
Sep 7, 2022	5.26	5.68	5.22	5.59	5.59	4,454,300
Sep 6, 2022	5.39	5.40	5.23	5.26	5.26	2,864,500
Sep 2, 2022	5.40	5.46	5.16	5.32	5.32	4,269,900
Sep 1, 2022	5.50	5.58	5.12	5.27	5.27	4,504,700
Aug 31, 2022	5.43	5.91	5.38	5.50	5.50	6,814,100
Aug 30, 2022	5.21	5.21	4.95	5.13	5.13	3,414,300
Aug 29, 2022	5.18	5.23	5.04	5.13	5.13	2,977,500
Aug 26, 2022	5.53	5.54	5.20	5.30	5.30	2,691,300
Aug 25, 2022	5.36	5.57	5.32	5.51	5.51	3,638,400
Aug 24, 2022	5.25	5.37	5.14	5.35	5.35	5,845,900
Aug 23, 2022	5.51	5.53	5.31	5.35	5.35	4,953,100
Aug 22, 2022	5.50	5.69	5.39	5.49	5.49	4,783,400
Aug 19, 2022	5.75	5.81	5.58	5.74	5.74	3,295,700
Aug 18, 2022	6.11	6.11	5.71	6.00	6.00	5,040,300
Aug 17, 2022	6.47	6.47	5.94	6.02	6.02	5,060,100
Aug 16, 2022	6.58	6.76	6.29	6.61	6.61	5,618,100
Aug 15, 2022	7.18	7.29	6.58	6.61	6.61	7,152,000
Aug 12, 2022	6.00	7.15	5.61	7.10	7.10	8,655,900
Aug 11, 2022	6.18	6.23	5.84	5.86	5.86	5,927,800
Aug 10, 2022	5.76	5.93	5.60	5.79	5.79	5,215,400
Aug 9, 2022	5.43	5.53	5.22	5.44	5.44	3,608,900
Aug 8, 2022	5.50	5.75	5.38	5.45	5.45	3,594,300
Aug 5, 2022	5.32	5.43	5.14	5.34	5.34	2,925,600
Aug 4, 2022	5.23	5.59	5.09	5.45	5.45	5,339,900
Aug 3, 2022	4.84	5.17	4.74	5.15	5.15	3,714,900
Aug 2, 2022	4.69	4.85	4.67	4.72	4.72	2,414,900
Aug 1, 2022	4.66	4.78	4.49	4.73	4.73	2,751,900
Jul 29, 2022	4.56	4.68	4.40	4.67	4.67	2,742,300
Jul 28, 2022	4.40	4.55	4.21	4.55	4.55	2,935,600
Jul 27, 2022	4.17	4.29	4.11	4.28	4.28	2,062,000
Jul 26, 2022	4.09	4.13	4.00	4.10	4.10	2,315,800
Jul 25, 2022	4.07	4.14	3.97	4.13	4.13	1,729,800
Jul 22, 2022	4.40	4.43	4.03	4.05	4.05	1,859,100
Jul 21, 2022	4.37	4.51	4.21	4.36	4.36	1,937,000
Jul 20, 2022	4.10	4.42	4.09	4.37	4.37	3,165,100
Jul 19, 2022	4.11	4.17	4.01	4.09	4.09	2,893,400
Jul 18, 2022	4.01	4.20	3.96	4.06	4.06	2,276,000
Jul 15, 2022	4.00	4.00	3.76	3.95	3.95	2,176,300
Jul 14, 2022	3.99	4.05	3.86	3.91	3.91	2,107,100
Jul 13, 2022	3.93	4.07	3.85	4.01	4.01	1,865,900
Jul 12, 2022	3.97	4.06	3.93	3.99	3.99	1,951,700
Jul 11, 2022	4.21	4.24	3.95	3.97	3.97	2,393,700
Jul 8, 2022	4.13	4.30	4.05	4.25	4.25	3,123,500
Jul 7, 2022	4.06	4.17	3.94	4.16	4.16	3,115,500
Jul 6, 2022	3.96	3.99	3.80	3.95	3.95	3,155,200
Jul 5, 2022	3.82	3.97	3.59	3.97	3.97	4,258,000
Jul 1, 2022	3.79	3.90	3.70	3.80	3.80	2,876,800
Jun 30, 2022	3.70	3.84	3.53	3.79	3.79	4,976,700
Jun 29, 2022	3.96	4.00	3.66	3.72	3.72	5,416,600
Jun 28, 2022	4.19	4.22	3.96	3.96	3.96	4,355,100
Jun 27, 2022	4.17	4.31	4.03	4.09	4.09	4,202,200
Jun 24, 2022	4.14	4.29	4.08	4.10	4.10	29,129,000
Jun 23, 2022	4.14	4.20	3.98	4.07	4.07	4,934,100
Jun 22, 2022	4.12	4.29	4.07	4.09	4.09	4,078,100
Jun 21, 2022	4.39	4.42	4.14	4.15	4.15	4,988,900
Jun 17, 2022	4.21	4.32	4.09	4.18	4.18	11,889,800
Jun 16, 2022	4.23	4.26	4.07	4.14	4.14	5,210,400
Jun 15, 2022	4.10	4.39	4.02	4.33	4.33	4,989,700
Jun 14, 2022	4.13	4.16	3.93	4.00	4.00	4,188,400
Jun 13, 2022	4.05	4.17	3.93	4.09	4.09	6,252,000
Jun 10, 2022	4.33	4.43	4.19	4.22	4.22	5,398,400
Jun 9, 2022	4.83	4.83	4.43	4.44	4.44	5,430,100
Jun 8, 2022	4.81	4.90	4.66	4.85	4.85	4,459,800
Jun 7, 2022	4.86	4.93	4.65	4.84	4.84	4,945,400
Jun 6, 2022	5.11	5.14	4.85	4.98	4.98	5,424,300
Jun 3, 2022	4.86	4.96	4.76	4.90	4.90	5,059,000
Jun 2, 2022	4.75	5.14	4.75	4.92	4.92	5,952,500
Jun 1, 2022	4.73	4.83	4.59	4.71	4.71	4,402,600
May 31, 2022	5.09	5.15	4.69	4.76	4.76	5,785,200
May 27, 2022	4.74	5.16	4.73	5.00	5.00	4,981,600
May 26, 2022	4.62	4.83	4.59	4.66	4.66	3,403,700
May 25, 2022	4.37	4.64	4.27	4.58	4.58	5,137,700
May 24, 2022	4.52	4.56	4.33	4.37	4.37	4,122,500
May 23, 2022	4.75	4.78	4.50	4.58	4.58	5,860,600
May 20, 2022	4.85	4.90	4.50	4.73	4.73	5,182,500
May 19, 2022	4.68	4.88	4.55	4.75	4.75	6,447,200
May 18, 2022	5.32	5.34	4.63	4.70	4.70	12,769,900
May 17, 2022	5.51	5.79	5.33	5.66	5.66	4,119,800
May 16, 2022	5.81	5.90	5.39	5.41	5.41	5,343,800
May 13, 2022	5.35	5.99	5.31	5.86	5.86	6,332,500
May 12, 2022	5.02	5.39	4.94	5.19	5.19	5,433,600
May 11, 2022	5.49	5.64	5.11	5.17	5.17	4,751,000
May 10, 2022	5.84	5.96	5.38	5.51	5.51	4,038,400
May 9, 2022	6.25	6.39	5.61	5.67	5.67	4,957,500
May 6, 2022	6.72	6.72	6.26	6.52	6.52	3,087,000
May 5, 2022	6.98	7.10	6.61	6.78	6.78	2,694,800
May 4, 2022	7.12	7.13	6.59	7.06	7.06	4,388,900
May 3, 2022	7.50	7.60	7.02	7.11	7.11	3,598,900
May 2, 2022	7.39	7.49	7.08	7.46	7.46	2,591,300
Apr 29, 2022	7.48	7.82	7.34	7.38	7.38	2,410,100
Apr 28, 2022	7.41	7.53	6.98	7.51	7.51	3,462,300
Apr 27, 2022	7.27	7.45	7.15	7.32	7.32	2,522,100
Apr 26, 2022	7.76	7.79	7.23	7.24	7.24	2,727,100
Apr 25, 2022	7.62	7.89	7.47	7.83	7.83	3,307,000
Apr 22, 2022	7.95	8.09	7.57	7.71	7.71	3,065,200
Apr 21, 2022	8.58	8.74	7.82	7.87	7.87	4,182,600
Apr 20, 2022	8.47	8.53	8.20	8.46	8.46	3,314,300
Apr 19, 2022	8.02	8.47	7.95	8.44	8.44	2,797,700
Apr 18, 2022	8.38	8.38	7.93	7.98	7.98	2,206,900
Apr 14, 2022	8.35	8.48	8.25	8.42	8.42	2,262,600
Apr 13, 2022	8.22	8.42	8.04	8.38	8.38	2,916,600
Apr 12, 2022	7.96	8.34	7.96	8.20	8.20	3,420,800
Apr 11, 2022	7.79	7.95	7.65	7.83	7.83	2,441,600
Apr 8, 2022	7.87	8.01	7.67	7.80	7.80	2,954,800
Apr 7, 2022	8.02	8.09	7.74	7.93	7.93	4,508,000
Apr 6, 2022	8.14	8.27	7.98	8.06	8.06	4,171,600
Apr 5, 2022	8.33	8.35	8.08	8.20	8.20	3,379,300
Apr 4, 2022	8.02	8.40	7.95	8.30	8.30	3,841,100
Apr 1, 2022	8.05	8.11	7.76	7.92	7.92	2,601,300
Mar 31, 2022	8.12	8.35	7.99	8.05	8.05	2,731,000
Mar 30, 2022	8.24	8.48	7.97	8.10	8.10	3,287,000
Mar 29, 2022	7.73	8.39	7.67	8.29	8.29	4,002,400
Mar 28, 2022	8.07	8.09	7.51	7.64	7.64	5,616,000
Mar 25, 2022	8.60	8.60	7.84	7.96	7.96	6,274,300
Mar 24, 2022	8.76	8.90	8.52	8.64	8.64	2,505,900
Mar 23, 2022	8.96	9.09	8.72	8.76	8.76	3,580,100
Mar 22, 2022	8.77	9.39	8.77	9.00	9.00	7,025,600
Mar 21, 2022	9.01	9.22	8.77	8.83	8.83	8,039,000
Mar 18, 2022	8.73	9.49	8.57	9.07	9.07	21,492,100
Mar 17, 2022	8.53	8.81	8.47	8.65	8.65	14,658,300
Mar 16, 2022	7.89	8.68	7.82	8.60	8.60	11,240,000
Mar 15, 2022	8.51	8.73	7.72	7.92	7.92	8,386,400
Mar 14, 2022	8.35	8.68	8.27	8.53	8.53	7,406,300
Mar 11, 2022	8.90	8.99	8.37	8.39	8.39	4,539,600
Mar 10, 2022	8.60	8.97	8.51	8.74	8.74	4,210,300
Mar 9, 2022	8.68	9.05	8.51	8.83	8.83	6,396,400
Mar 8, 2022	8.41	8.80	8.31	8.51	8.51	6,612,200
Mar 7, 2022	8.52	8.83	8.30	8.37	8.37	7,589,600
Mar 4, 2022	8.48	8.59	8.24	8.40	8.40	3,406,000
Mar 3, 2022	8.94	8.98	8.25	8.48	8.48	8,379,900
Mar 2, 2022	9.00	9.31	8.85	9.05	9.05	3,918,900
Mar 1, 2022	9.65	9.76	8.93	9.10	9.10	5,480,000
Feb 28, 2022	9.53	9.64	9.06	9.54	9.54	5,433,300
Feb 25, 2022	9.83	9.94	9.26	9.45	9.45	3,599,300
Feb 24, 2022	8.32	9.91	8.20	9.89	9.89	4,007,900
Feb 23, 2022	9.07	9.36	8.56	8.63	8.63	3,021,300
Feb 22, 2022	8.74	9.05	8.59	8.73	8.73	2,709,400
Feb 18, 2022	9.08	9.28	8.72	8.94	8.94	2,417,900
Feb 17, 2022	9.77	9.97	9.02	9.06	9.06	2,320,700
Feb 16, 2022	10.10	10.11	9.76	9.94	9.94	1,969,500
Feb 15, 2022	9.68	10.23	9.64	10.16	10.16	1,682,200
Feb 14, 2022	9.59	9.85	9.27	9.48	9.48	1,685,800
Feb 11, 2022	10.46	10.54	9.46	9.63	9.63	2,432,400
Feb 10, 2022	10.21	11.11	10.20	10.28	10.28	2,823,900
Feb 9, 2022	10.15	10.68	10.06	10.64	10.64	2,471,200
Feb 8, 2022	9.52	10.06	9.38	10.01	10.01	1,782,300
Feb 7, 2022	9.53	9.87	9.47	9.57	9.57	1,682,900
Feb 4, 2022	9.03	9.57	8.85	9.49	9.49	1,426,000
Feb 3, 2022	9.13	9.30	8.95	9.03	9.03	1,496,000
Feb 2, 2022	9.55	9.56	9.16	9.42	9.42	1,825,000
Feb 1, 2022	9.55	9.68	9.08	9.49	9.49	2,765,300
Jan 31, 2022	8.37	9.16	8.37	9.04	9.04	2,799,100
Jan 28, 2022	8.08	8.32	7.55	8.24	8.24	4,508,200
Jan 27, 2022	8.64	8.71	7.94	8.10	8.10	5,493,300
Jan 26, 2022	8.74	9.06	8.35	8.48	8.48	2,850,900
Jan 25, 2022	8.58	8.82	8.23	8.49	8.49	2,515,900
Jan 24, 2022	8.47	8.83	8.00	8.72	8.72	5,387,900
Jan 21, 2022	9.59	9.71	8.95	9.00	9.00	3,210,000
Jan 20, 2022	10.01	10.42	9.70	9.73	9.73	2,009,000
Jan 19, 2022	10.21	10.32	9.69	9.85	9.85	2,633,400
Jan 18, 2022	10.27	10.57	10.06	10.09	10.09	2,466,400
Jan 14, 2022	10.50	10.68	10.05	10.42	10.42	2,485,000
Jan 13, 2022	11.61	11.62	10.60	10.64	10.64	2,534,500
Jan 12, 2022	11.62	11.73	11.20	11.45	11.45	3,372,800
Jan 11, 2022	10.44	11.02	10.30	10.86	10.86	1,692,800
Jan 10, 2022	10.78	10.84	10.06	10.46	10.46	2,315,100
Jan 7, 2022	10.68	11.08	10.56	10.86	10.86	2,108,600
Jan 6, 2022	10.81	10.94	10.11	10.65	10.65	2,914,000
Jan 5, 2022	11.62	11.65	10.63	10.70	10.70	3,087,400
Jan 4, 2022	12.18	12.29	11.50	11.65	11.65	2,199,500
Jan 3, 2022	12.31	12.33	11.90	12.20	12.20	1,285,800
Dec 31, 2021	12.06	12.47	11.98	12.28	12.28	1,534,700
Dec 30, 2021	11.30	12.10	11.30	12.03	12.03	2,217,800
Dec 29, 2021	11.73	11.80	11.07	11.33	11.33	3,205,700
Dec 28, 2021	11.90	11.95	11.57	11.73	11.73	2,495,600
Dec 27, 2021	12.14	12.23	11.71	11.90	11.90	2,290,300
Dec 23, 2021	12.02	12.32	11.84	12.00	12.00	3,167,000
Dec 22, 2021	12.16	12.40	12.03	12.36	12.36	1,359,000
Dec 21, 2021	11.97	12.35	11.81	12.19	12.19	1,445,400
Dec 20, 2021	11.91	12.18	11.62	11.89	11.89	2,151,600
Dec 17, 2021	12.24	12.75	11.48	12.18	12.18	12,944,600
Dec 16, 2021	12.79	13.14	12.24	12.39	12.39	2,764,400
Dec 15, 2021	12.55	12.85	12.04	12.63	12.63	2,266,200
Dec 14, 2021	11.59	12.80	11.55	12.57	12.57	3,153,200
Dec 13, 2021	12.71	13.01	11.68	11.76	11.76	4,394,300
Dec 10, 2021	12.50	13.03	12.50	12.76	12.76	2,680,500
Dec 9, 2021	12.99	13.15	12.42	12.53	12.53	3,085,400
Dec 8, 2021	13.02	13.22	12.81	12.94	12.94	2,973,000
Dec 7, 2021	12.62	13.12	12.55	12.90	12.90	3,265,800
Dec 6, 2021	12.97	13.11	12.00	12.28	12.28	5,911,500
Dec 3, 2021	15.00	15.11	12.74	13.00	13.00	8,057,600
Dec 2, 2021	15.15	15.22	14.07	14.81	14.81	4,761,600
Dec 1, 2021	15.91	16.97	15.16	15.19	15.19	7,956,000
Nov 30, 2021	15.83	16.41	14.99	15.86	15.86	10,249,400
Nov 29, 2021	15.51	15.79	15.12	15.46	15.46	3,522,800
Nov 26, 2021	14.82	15.59	14.76	15.45	15.45	1,946,500
Nov 24, 2021	14.28	15.58	14.20	15.51	15.51	2,970,000
Nov 23, 2021	15.81	15.83	14.11	14.55	14.55	4,559,500
Nov 22, 2021	15.57	16.36	15.26	15.91	15.91	4,425,500
Nov 19, 2021	15.28	16.20	15.26	15.50	15.50	3,055,500
Nov 18, 2021	16.20	16.33	14.71	15.48	15.48	6,567,000
Nov 17, 2021	15.70	16.75	15.40	16.28	16.28	7,449,300
Nov 16, 2021	14.69	15.71	14.49	15.48	15.48	6,544,900
Nov 15, 2021	14.48	14.70	14.06	14.29	14.29	2,520,100
Nov 12, 2021	14.29	14.48	14.08	14.37	14.37	1,993,300
Nov 11, 2021	14.20	14.59	13.91	14.23	14.23	1,825,800
Nov 10, 2021	14.68	15.27	14.32	14.59	14.59	2,462,800
Nov 9, 2021	14.87	15.05	14.13	14.84	14.84	2,805,300
Nov 8, 2021	15.79	15.84	14.89	14.94	14.94	1,760,700
Nov 5, 2021	15.94	16.14	15.40	15.51	15.51	2,010,700
Nov 4, 2021	15.20	16.24	14.91	15.74	15.74	4,414,000
Nov 3, 2021	14.16	14.98	14.16	14.91	14.91	2,744,100
Nov 2, 2021	14.45	14.49	14.02	14.25	14.25	1,438,300
Nov 1, 2021	14.43	14.57	13.95	14.26	14.26	2,048,500
Oct 29, 2021	13.29	14.14	13.24	14.05	14.05	1,991,700
Oct 28, 2021	12.97	13.55	12.66	13.37	13.37	2,080,800
Oct 27, 2021	13.19	13.22	12.73	12.84	12.84	1,351,900
Oct 26, 2021	13.05	13.82	12.95	13.22	13.22	2,831,900
Oct 25, 2021	13.00	13.13	12.77	12.99	12.99	1,929,200
Oct 22, 2021	12.64	13.05	12.30	13.00	13.00	2,401,400
Oct 21, 2021	12.73	13.08	12.48	12.66	12.66	3,277,100
Oct 20, 2021	12.42	13.14	12.31	12.72	12.72	4,869,800
Oct 19, 2021	12.68	12.70	12.30	12.36	12.36	4,421,800
Oct 18, 2021	12.80	12.88	12.20	12.40	12.40	5,214,700
Oct 15, 2021	13.67	13.75	12.70	12.80	12.80	5,226,100
Oct 14, 2021	13.40	13.70	13.03	13.57	13.57	2,778,600
Oct 13, 2021	13.53	13.88	12.88	13.25	13.25	4,602,800
Oct 12, 2021	14.11	14.24	13.48	13.50	13.50	4,044,300
Oct 11, 2021	14.66	14.68	14.00	14.05	14.05	3,243,100
Oct 8, 2021	14.00	16.10	13.82	14.71	14.71	16,596,500
Oct 7, 2021	15.25	15.91	14.65	15.46	15.46	9,600,200
Oct 6, 2021	14.40	14.68	13.80	14.00	14.00	4,949,200
Oct 5, 2021	14.83	14.98	14.05	14.59	14.59	2,761,400
Oct 4, 2021	15.97	16.04	14.36	14.79	14.79	3,945,800
Oct 1, 2021	15.90	16.43	14.94	15.98	15.98	4,470,000
Sep 30, 2021	15.36	16.19	15.02	16.13	16.13	3,539,600
Sep 29, 2021	15.97	16.39	14.59	14.66	14.66	3,193,700
Sep 28, 2021	14.25	15.63	14.25	15.56	15.56	3,804,600
Sep 27, 2021	14.30	15.33	14.16	14.32	14.32	3,192,200
Sep 24, 2021	14.18	14.25	13.46	14.05	14.05	1,952,400
Sep 23, 2021	14.54	14.77	14.05	14.15	14.15	2,109,400
Sep 22, 2021	15.00	15.40	14.50	14.54	14.54	2,151,500
Sep 21, 2021	14.86	15.09	14.29	14.47	14.47	2,417,800
Sep 20, 2021	14.78	15.10	14.03	14.81	14.81	3,338,900
Sep 17, 2021	16.15	16.15	15.28	15.41	15.41	3,880,100
Sep 16, 2021	15.58	16.59	14.91	15.89	15.89	3,616,600
Sep 15, 2021	16.03	16.05	14.62	15.39	15.39	4,028,500
Sep 14, 2021	15.89	16.97	15.13	15.78	15.78	5,329,500
Sep 13, 2021	18.38	18.41	15.03	15.40	15.40	8,788,100
Sep 10, 2021	20.28	20.87	17.81	18.69	18.69	13,557,400
Sep 9, 2021	16.27	21.34	16.27	20.72	20.72	43,147,800
Sep 8, 2021	14.74	15.70	14.51	15.09	15.09	6,717,300
Sep 7, 2021	15.02	16.46	14.07	14.50	14.50	15,909,100
Sep 3, 2021	11.75	14.34	11.01	13.52	13.52	9,994,700
Sep 2, 2021	10.20	12.27	10.00	11.63	11.63	4,138,800
Sep 1, 2021	10.18	10.30	9.98	10.14	10.14	1,942,600
Aug 31, 2021	10.02	10.20	9.66	10.03	10.03	2,193,800
Aug 30, 2021	10.50	10.51	9.80	10.03	10.03	2,265,000
Aug 27, 2021	10.31	10.50	9.50	10.35	10.35	2,825,000
Aug 26, 2021	11.00	11.04	9.96	9.96	9.96	3,293,800
Aug 25, 2021	11.58	11.60	9.98	10.43	10.43	5,600,000
Aug 24, 2021	11.30	11.90	11.11	11.57	11.57	1,279,000
Aug 23, 2021	10.95	11.07	10.65	11.07	11.07	1,139,200
Aug 20, 2021	10.00	10.65	9.90	10.47	10.47	1,504,900
Aug 19, 2021	10.08	10.10	9.91	10.01	10.01	603,000
Aug 18, 2021	10.00	10.33	9.97	10.10	10.10	484,300
Aug 17, 2021	10.16	10.18	9.90	10.03	10.03	1,217,100
Aug 16, 2021	10.69	10.69	10.15	10.21	10.21	808,400
Aug 13, 2021	10.65	10.79	10.35	10.62	10.62	722,800
Aug 12, 2021	11.20	11.28	10.50	10.54	10.54	1,060,600
Aug 11, 2021	10.76	11.25	10.60	11.18	11.18	906,100
Aug 10, 2021	10.42	10.81	10.35	10.57	10.57	807,700
Aug 9, 2021	10.22	10.42	10.15	10.36	10.36	530,600
Aug 6, 2021	10.30	10.47	10.06	10.12	10.12	688,500
Aug 5, 2021	10.12	10.30	10.10	10.22	10.22	592,200
Aug 4, 2021	10.00	10.13	10.00	10.11	10.11	429,800
Aug 3, 2021	10.05	10.06	9.96	10.00	10.00	790,900
Aug 2, 2021	10.23	10.25	10.00	10.02	10.02	903,400
Jul 30, 2021	10.37	10.37	10.12	10.17	10.17	993,400
Jul 29, 2021	10.41	10.53	10.12	10.31	10.31	987,600
Jul 28, 2021	10.50	10.67	10.17	10.28	10.28	672,300
Jul 27, 2021	10.53	10.57	10.35	10.46	10.46	467,500
Jul 26, 2021	10.82	10.84	10.52	10.56	10.56	477,700
Jul 23, 2021	10.99	11.05	10.62	10.77	10.77	525,700
Jul 22, 2021	11.00	11.05	10.76	10.96	10.96	592,600
Jul 21, 2021	10.68	10.75	10.51	10.75	10.75	275,700
Jul 20, 2021	10.71	10.75	10.42	10.60	10.60	319,500
Jul 19, 2021	10.36	10.78	10.27	10.71	10.71	605,300
Jul 16, 2021	10.47	10.89	10.30	10.80	10.80	940,600
Jul 15, 2021	10.60	10.79	10.30	10.40	10.40	1,147,700
Jul 14, 2021	11.10	11.10	10.48	10.62	10.62	1,467,800
Jul 13, 2021	11.53	11.57	10.97	10.97	10.97	988,700
Jul 12, 2021	11.67	11.69	11.33	11.60	11.60	1,122,700
Jul 9, 2021	11.12	11.49	11.12	11.45	11.45	1,010,100
Jul 8, 2021	10.78	11.14	10.59	11.13	11.13	1,588,500
Jul 7, 2021	11.04	11.23	10.71	11.10	11.10	910,800
Jul 6, 2021	11.69	11.87	10.89	10.92	10.92	1,659,800
Jul 2, 2021	11.10	12.28	11.03	11.39	11.39	3,937,400
Jul 1, 2021	11.00	11.13	10.60	10.96	10.96	737,800
Jun 30, 2021	11.08	11.45	10.85	10.89	10.89	1,579,900
Jun 29, 2021	11.01	11.09	10.81	10.90	10.90	758,600
Jun 28, 2021	10.70	10.98	10.62	10.95	10.95	949,400
Jun 25, 2021	10.38	10.65	10.27	10.51	10.51	1,063,800
Jun 24, 2021	10.32	10.34	10.26	10.29	10.29	378,800
Jun 23, 2021	10.35	10.39	10.29	10.31	10.31	324,900
Jun 22, 2021	10.48	10.50	10.30	10.35	10.35	366,700
Jun 21, 2021	10.45	10.55	10.39	10.41	10.41	392,300
Jun 18, 2021	10.36	10.42	10.24	10.40	10.40	463,100
Jun 17, 2021	10.35	10.41	10.23	10.34	10.34	528,200
Jun 16, 2021	10.35	10.53	10.21	10.27	10.27	783,200
Jun 15, 2021	10.44	10.52	10.12	10.35	10.35	746,400
Jun 14, 2021	10.55	10.59	10.17	10.22	10.22	477,800
Jun 11, 2021	10.55	10.60	10.45	10.47	10.47	424,300
Jun 10, 2021	10.66	10.72	10.45	10.52	10.52	518,800
Jun 9, 2021	10.86	10.90	10.50	10.63	10.63	750,400
Jun 8, 2021	10.21	10.60	10.13	10.47	10.47	1,373,300
Jun 7, 2021	10.25	10.29	10.06	10.07	10.07	592,600
Jun 4, 2021	10.15	10.27	10.05	10.15	10.15	464,600
Jun 3, 2021	10.04	10.17	9.98	10.09	10.09	419,700
Jun 2, 2021	10.11	10.12	9.98	10.07	10.07	493,000
Jun 1, 2021	10.10	10.19	10.01	10.04	10.04	662,600
May 28, 2021	9.92	10.08	9.91	9.98	9.98	729,400
May 27, 2021	9.91	9.91	9.89	9.91	9.91	605,000
May 26, 2021	9.91	9.97	9.89	9.90	9.90	1,494,400
May 25, 2021	9.94	9.99	9.89	9.90	9.90	1,029,700
May 24, 2021	9.98	10.00	9.92	9.94	9.94	428,100
May 21, 2021	9.95	10.03	9.95	10.00	10.00	351,100
May 20, 2021	10.03	10.03	9.91	9.96	9.96	678,800
May 19, 2021	9.90	10.00	9.90	9.99	9.99	503,000
May 18, 2021	10.02	10.08	9.99	10.01	10.01	755,500
May 17, 2021	9.85	10.02	9.80	10.00	10.00	961,400
May 14, 2021	9.97	10.00	9.90	9.94	9.94	489,600
May 13, 2021	10.00	10.00	9.82	9.91	9.91	811,900
May 12, 2021	9.92	10.05	9.86	9.92	9.92	908,200
May 11, 2021	9.83	9.97	9.77	9.90	9.90	1,267,200
May 10, 2021	10.05	10.06	9.86	9.90	9.90	1,661,300
May 7, 2021	10.10	10.13	9.95	9.99	9.99	2,091,400
May 6, 2021	10.25	10.27	10.08	10.14	10.14	1,016,300
May 5, 2021	10.46	10.47	10.18	10.27	10.27	708,900
May 4, 2021	10.51	10.51	10.20	10.35	10.35	906,100
May 3, 2021	10.56	10.64	10.39	10.47	10.47	372,500
Apr 30, 2021	10.51	10.53	10.43	10.46	10.46	221,600
Apr 29, 2021	10.68	10.70	10.47	10.49	10.49	495,600
Apr 28, 2021	10.70	10.71	10.50	10.52	10.52	551,200
Apr 27, 2021	10.75	10.82	10.61	10.68	10.68	316,100
Apr 26, 2021	10.80	10.80	10.65	10.70	10.70	551,800
Apr 23, 2021	10.69	10.85	10.49	10.75	10.75	696,000
Apr 22, 2021	10.65	10.69	10.45	10.56	10.56	612,900
Apr 21, 2021	10.50	10.79	10.37	10.55	10.55	353,600
Apr 20, 2021	10.49	10.79	10.27	10.55	10.55	882,000
Apr 19, 2021	11.06	11.06	10.40	10.74	10.74	890,200
Apr 16, 2021	10.55	11.11	10.27	10.90	10.90	1,087,300
Apr 15, 2021	10.86	10.86	10.50	10.53	10.53	996,600
Apr 14, 2021	11.21	11.21	10.64	10.74	10.74	731,500
Apr 13, 2021	10.79	10.87	10.60	10.81	10.81	719,200
Apr 12, 2021	11.00	11.16	10.70	10.84	10.84	676,500
Apr 9, 2021	11.15	11.25	10.90	11.10	11.10	791,000
Apr 8, 2021	10.79	11.13	10.68	11.11	11.11	1,018,900
Apr 7, 2021	11.00	11.32	10.60	10.78	10.78	1,214,200
Apr 6, 2021	11.09	11.09	10.89	10.99	10.99	717,800
Apr 5, 2021	11.79	11.79	10.92	11.03	11.03	1,442,600
Apr 1, 2021	11.95	11.99	11.23	11.48	11.48	1,147,000
Mar 31, 2021	11.47	11.87	11.44	11.84	11.84	764,600
Mar 30, 2021	11.71	11.79	11.35	11.40	11.40	961,600
Mar 29, 2021	12.10	12.60	11.71	11.85	11.85	1,571,100
Mar 26, 2021	12.18	12.19	11.36	11.68	11.68	1,194,100
Mar 25, 2021	11.13	11.89	10.80	11.89	11.89	3,111,900
Mar 24, 2021	12.35	12.39	11.30	11.35	11.35	1,909,900
Mar 23, 2021	12.77	12.95	11.91	12.08	12.08	1,878,400
Mar 22, 2021	12.25	13.17	12.01	12.51	12.51	2,589,400
Mar 19, 2021	11.51	12.06	11.29	11.60	11.60	856,600
Mar 18, 2021	11.85	12.04	11.31	11.47	11.47	1,408,800
Mar 17, 2021	11.70	12.18	11.50	11.99	11.99	1,239,800
Mar 16, 2021	12.35	12.40	11.55	11.87	11.87	1,552,700
Mar 15, 2021	12.44	12.58	12.08	12.31	12.31	1,102,500
Mar 12, 2021	12.30	12.45	12.04	12.22	12.22	1,250,000
Mar 11, 2021	12.81	12.81	12.12	12.41	12.41	1,985,600
Mar 10, 2021	12.55	12.96	11.80	12.41	12.41	2,066,300
Mar 9, 2021	12.50	12.70	12.06	12.29	12.29	1,773,500
Mar 8, 2021	13.03	13.20	11.91	12.00	12.00	2,489,200
Mar 5, 2021	12.20	12.55	11.30	12.50	12.50	3,702,600
Mar 4, 2021	12.50	12.63	11.06	11.33	11.33	6,856,200
Mar 3, 2021	13.80	14.10	12.50	12.59	12.59	5,236,700
Mar 2, 2021	14.50	15.15	13.01	13.14	13.14	10,932,300
Mar 1, 2021	13.45	15.15	12.71	13.95	13.95	40,481,700
Feb 26, 2021	10.41	10.52	10.22	10.25	10.25	150,000
Feb 25, 2021	10.51	10.58	10.20	10.32	10.32	130,800
Feb 24, 2021	10.45	10.66	10.33	10.44	10.44	104,000
Feb 23, 2021	10.56	10.56	10.05	10.45	10.45	162,600
Feb 22, 2021	10.75	10.79	10.60	10.70	10.70	220,500
Feb 19, 2021	10.75	10.98	10.73	10.80	10.80	165,900
Feb 18, 2021	10.75	10.99	10.63	10.98	10.98	287,100
Feb 17, 2021	10.60	10.80	10.50	10.76	10.76	209,900
Feb 16, 2021	10.49	10.55	10.41	10.48	10.48	111,300
Feb 12, 2021	10.50	10.56	10.41	10.46	10.46	283,600
Feb 11, 2021	10.45	11.21	10.40	10.52	10.52	373,100
Feb 10, 2021	10.45	10.45	10.35	10.43	10.43	91,900
Feb 9, 2021	10.50	10.50	10.37	10.39	10.39	53,500
Feb 8, 2021	10.51	10.53	10.45	10.45	10.45	67,600
Feb 5, 2021	10.47	10.54	10.46	10.52	10.52	48,200
Feb 4, 2021	10.59	10.75	10.45	10.51	10.51	73,100
Feb 3, 2021	10.51	10.63	10.46	10.62	10.62	74,300
Feb 2, 2021	10.37	10.50	10.36	10.50	10.50	50,600
Feb 1, 2021	10.38	10.44	10.32	10.35	10.35	49,900
Jan 29, 2021	10.35	10.39	10.30	10.38	10.38	57,200
Jan 28, 2021	10.40	10.42	10.30	10.39	10.39	316,700
Jan 27, 2021	10.30	10.38	10.20	10.30	10.30	336,900
Jan 26, 2021	10.47	10.57	10.35	10.45	10.45	281,600
Jan 25, 2021	10.59	10.72	10.43	10.46	10.46	101,700
Jan 22, 2021	10.51	10.68	10.46	10.50	10.50	82,200
Jan 21, 2021	10.49	10.59	10.34	10.42	10.42	16,900
Jan 20, 2021	10.33	10.49	10.33	10.43	10.43	54,300
Jan 19, 2021	10.49	10.49	10.34	10.40	10.40	364,100
Jan 15, 2021	10.45	10.48	10.25	10.35	10.35	543,800
Jan 14, 2021	10.33	10.60	10.31	10.50	10.50	156,700
Jan 13, 2021	10.60	10.60	10.27	10.52	10.52	419,400
Jan 12, 2021	10.48	10.67	10.27	10.31	10.31	199,600
Jan 11, 2021	10.45	10.45	10.30	10.40	10.40	3,900
Jan 8, 2021	10.35	10.42	10.30	10.42	10.42	4,100
Jan 7, 2021	10.42	10.42	10.38	10.41	10.41	600
Jan 6, 2021	10.45	10.45	10.22	10.38	10.38	6,200
Jan 5, 2021	10.44	10.60	10.35	10.35	10.35	16,200
Jan 4, 2021	10.30	10.65	10.22	10.30	10.30	57,600
Dec 31, 2020	10.68	10.68	10.11	10.11	10.11	131,100
Dec 30, 2020	10.44	10.69	10.29	10.42	10.42	356,200
Dec 29, 2020	10.38	10.60	9.97	10.29	10.29	96,100
Dec 28, 2020	10.41	10.45	10.32	10.32	10.32	280,200
Dec 24, 2020	10.35	10.50	10.29	10.30	10.30	3,100
Dec 23, 2020	10.10	10.33	10.10	10.25	10.25	69,500
Dec 22, 2020	10.25	10.28	10.15	10.24	10.24	41,900
Dec 21, 2020	10.20	10.33	10.20	10.23	10.23	411,000
Dec 18, 2020	10.20	10.34	10.15	10.34	10.34	28,000
Dec 17, 2020	10.27	10.50	10.20	10.30	10.30	8,200
Dec 16, 2020	10.50	10.57	10.25	10.44	10.44	4,400
Dec 15, 2020	10.22	10.46	10.00	10.34	10.34	101,200
Dec 14, 2020	10.49	11.04	10.14	10.30	10.30	62,800
Dec 11, 2020	10.35	11.04	10.13	10.35	10.35	269,400
Dec 10, 2020	10.18	10.25	10.16	10.25	10.25	268,400
Dec 9, 2020	10.21	11.39	10.20	10.30	10.30	213,500
Dec 8, 2020	10.12	10.20	9.90	10.19	10.19	14,300
Dec 7, 2020	10.10	10.25	10.05	10.20	10.20	187,700
Dec 4, 2020	10.04	10.19	9.99	10.06	10.06	84,100
Dec 3, 2020	10.05	10.05	10.05	10.05	10.05	1,200
Dec 2, 2020	10.11	10.11	9.97	10.05	10.05	78,500
Dec 1, 2020	9.87	9.97	9.87	9.97	9.97	2,000
Nov 30, 2020	9.82	10.80	9.72	9.95	9.95	53,300
Nov 27, 2020	9.80	9.82	9.80	9.82	9.82	4,500
Nov 25, 2020	9.74	9.74	9.74	9.74	9.74	100
Nov 24, 2020	9.75	9.75	9.74	9.74	9.74	900